id,name,email
7,Joshua Knight,dwalton@example.net
17,Marc Saunders,hector28@example.com
23,John Hull,alisonsellers@example.com
25,Kimberly Castillo,wilsonjennifer@example.net
39,Melissa Williams,james00@example.net
47,Courtney Graham,wendy56@example.net
48,Anita Green,daviddonovan@example.org
55,Angela Hicks,lrobbins@example.net
58,Blake James,kellison@example.com
59,Timothy Jones,ephillips@example.net
65,Shawn Forbes II,brendagaines@example.net
76,Mary Carlson,paul65@example.org
87,Brandy Huynh,paul29@example.net
88,Jennifer Evans,ydixon@example.org
92,Tammy Fisher,starkjared@example.org
